val_loss,accuracy,f1,roc_auc,hamming,jaccard,precision,recall,average_precision,kappa
0.29148374929685483,0.896551724137931,0.8717316098887608,0.9844681230827519,0.041379310344827586,0.7779405372865126,0.8961742424242425,0.8588695302167789,0.9448360464158722,0.8638260869565217
