val_loss,accuracy,f1,roc_auc,hamming,jaccard,precision,recall,average_precision,kappa
0.44973983006043866,0.8275862068965517,0.7625605616605616,0.9627998097288586,0.06896551724137931,0.6402501811344393,0.7950849150849152,0.7576217583807716,0.8681476635437834,0.7729941291585127
