val_loss,accuracy,f1,roc_auc,hamming,jaccard,precision,recall,average_precision,kappa
0.45274323095446045,0.8436363636363636,0.7038444611853187,0.9482369432565108,0.06254545454545454,0.5725750013558821,0.7375834495896092,0.6878949014852201,0.7462689995352021,0.7628317785360252
