val_loss,accuracy,f1,roc_auc,hamming,jaccard,precision,recall,average_precision,kappa
0.49409134635934604,0.8526645768025078,0.7752748763522305,0.9914068167140235,0.007555662728076521,0.6938871669640899,0.7873055007670392,0.7858770858770858,0.8851200612374414,0.845942807821539
