val_loss,accuracy,f1,roc_auc,hamming,jaccard,precision,recall,average_precision,kappa
0.6659568552345757,0.8445454545454546,0.6818712896554905,0.9406336744922867,0.06218181818181818,0.5568464447894708,0.7333835026616837,0.6599442458223445,0.7228923939260998,0.7614548590415076
