val_loss,accuracy,f1,roc_auc,hamming,jaccard,precision,recall,average_precision,kappa
0.6448641255185976,0.8589341692789969,0.7804504535985689,0.9923447271092474,0.007234145165179648,0.6875941948310369,0.8408985658985659,0.7741809116809117,0.8910870573914236,0.8523482339388204
