val_loss,accuracy,f1,roc_auc,hamming,jaccard,precision,recall,average_precision,kappa
1.3903097659349442,0.6353591160220995,0.5927463647858385,0.8489575268425941,0.18232044198895028,0.42882016697297165,0.6142391234496498,0.5987455197132617,0.6929978291780735,0.4470724369358945
