val_loss,accuracy,f1,roc_auc,hamming,jaccard,precision,recall,average_precision,kappa
0.8827882607777914,0.6353591160220995,0.5930611785874944,0.8558556750994264,0.18232044198895028,0.4277799227799228,0.6466269841269842,0.5931899641577062,0.7024764004485102,0.4394181135617081
